date,minute,label,high,low,average,volume,notional,numberOfTrades,marketHigh,marketLow,marketAverage,marketVolume,marketNotional,marketNumberOfTrades,open,close,marketOpen,marketClose,changeOverTime,marketChangeOverTime,symbol
2021-09-01,09:30,09:30 AM,452.61,452.26,452.432,6876,3110921.07,32,452.63,452.26,452.489,627088,283750683.0443,2079,452.56,452.28,452.56,452.35,0,0,SPY
2021-09-01,09:31,09:31 AM,452.53,452.4,452.447,2091,946066.69,13,452.54,452.34,452.451,145027,65617561.9208,883,452.4,452.445,452.36,452.496,0.00003315415355232688,-0.00008397994205373849,SPY
2021-09-01,09:32,09:32 AM,452.52,452.375,452.459,3754,1698529.78,28,452.56,452.345,452.472,214037,96845682.19,1436,452.51,452.44,452.49,452.49,0.00005967747639421352,-0.000037569974076708845,SPY
2021-09-01,09:33,09:33 AM,452.58,452.46,452.522,1839,832187.335,14,452.6,452.44,452.533,197157,89220056.9169,1373,452.47,452.53,452.49,452.51,0.00019892492131408696,0.00009723993290453373,SPY
2021-09-01,09:34,09:34 AM,452.51,452.43,452.456,1711,774152.08,17,452.54,452.43,452.472,165133,74718075.4559,1203,452.495,452.5,452.5,452.49,0.000053046645683773274,-0.000037569974076708845,SPY
2021-09-01,09:35,09:35 AM,452.48,452.42,452.458,1790,809899.26,16,452.51,452.4,452.452,149983,67860121.2972,1192,452.45,452.48,452.48,452.409,0.000057467199490775316,-0.00008176994357868969,SPY
2021-09-01,09:36,09:36 AM,452.355,452.27,452.315,1436,649524.405,15,452.42,452.265,452.32,111746,50544930.5462,746,452.3,452.295,452.41,452.32,-0.0002586023977084261,-0.00037348974229203964,SPY
2021-09-01,09:37,09:37 AM,452.37,452.28,452.314,2233,1010016.82,18,452.37,452.28,452.319,92621,41894227.51,703,452.33,452.33,452.33,452.33,-0.00026081267461186433,-0.00037569974076708847,SPY
2021-09-01,09:38,09:38 AM,452.375,452.29,452.322,2362,1068385.44,18,452.41,452.29,452.338,97064,43905772.1473,744,452.32,452.35,452.33,452.35,-0.00024313045938398177,-0.0003337097697401564,SPY
2021-09-01,09:39,09:39 AM,452.37,452.29,452.316,2388,1080129.66,14,452.4,452.29,452.337,107847,48783196.331,777,452.31,452.35,452.31,452.313,-0.0002563921208049879,-0.0003359197682153308,SPY
2021-09-01,09:40,09:40 AM,452.315,452.21,452.259,1411,638137.05,14,452.36,452.19,452.267,161382,72987763.1612,982,452.315,452.25,452.32,452.27,-0.0003823779043038552,-0.0004906196614723894,SPY
2021-09-01,09:41,09:41 AM,452.255,452.17,452.231,2268,1025660.55,20,452.29,452.16,452.212,124907,56484424.1452,680,452.255,452.185,452.28,452.18,-0.00044426565760163255,-0.0006121695776029624,SPY
2021-09-01,09:42,09:42 AM,452.17,452.035,452.086,2199,994136.72,23,452.17,452.03,452.099,116881,52841783.4082,644,452.17,452.14,452.17,452.14,-0.0007647558086077104,-0.0008618994052893802,SPY
2021-09-01,09:43,09:43 AM,452.345,452.12,452.216,8836,3995780.785,71,452.35,452.12,452.228,82545,37329169.9508,612,452.16,452.33,452.14,452.34,-0.00047741981115395946,-0.0005768096020013023,SPY
2021-09-01,09:44,09:44 AM,452.34,452.29,452.321,6608,2988937.565,31,452.36,452.29,452.316,232547,105184709.4318,1207,452.335,452.32,452.335,452.34,-0.00024534073628741996,-0.0003823297361924861,SPY
2021-09-01,09:45,09:45 AM,452.415,452.31,452.369,2514,1137255.41,22,452.43,452.29,452.366,167817,75914710.985,1053,452.35,452.415,452.35,452.415,-0.00013924744491987344,-0.0002718298124374083,SPY
2021-09-01,09:46,09:46 AM,452.48,452.41,452.437,4295,1943218.03,32,452.49,452.25,452.357,534015,241565334.7762,1841,452.46,452.46,452.42,452.48,0.000011051384517442295,-0.0002917197987132243,SPY
2021-09-01,09:47,09:47 AM,452.53,452.49,452.507,889,402278.395,9,452.54,452.44,452.498,119264,53966779.1828,711,452.53,452.53,452.48,452.455,0.00016577076776176007,0.00001988998627594163,SPY
2021-09-01,09:48,09:48 AM,452.61,452.43,452.569,8251,3734147.335,26,452.62,452.41,452.529,200667,90807714.7161,1104,452.46,452.61,452.45,452.61,0.00030280793577819526,0.00008839993900408731,SPY
2021-09-01,09:49,09:49 AM,452.64,452.53,452.57,3130,1416545.11,30,452.64,452.53,452.583,143673,65023921.3149,820,452.62,452.59,452.62,452.57,0.0003050182126816335,0.00020773985665961146,SPY
2021-09-01,09:50,09:50 AM,452.65,452.53,452.607,1095,495604.74,17,452.65,452.5,452.584,115781,52400604.4757,859,452.53,452.615,452.58,452.61,0.00038679845811085724,0.00020994985513466026,SPY
2021-09-01,09:51,09:51 AM,452.62,452.52,452.562,2744,1241831.395,16,452.62,452.45,452.566,75773,34292293.5008,556,452.62,452.52,452.61,452.45,0.00028733599745375094,0.000170169882582777,SPY
2021-09-01,09:52,09:52 AM,452.465,452.39,452.433,7611,3443471.815,26,452.48,452.35,452.406,171985,77807089.5344,789,452.44,452.46,452.44,452.478,0.000002210276903438203,-0.000183429873433321,SPY
2021-09-01,09:53,09:53 AM,452.61,452.48,452.535,1638,741252.47,20,452.645,452.46,452.566,108232,48982115.8956,547,452.49,452.605,452.48,452.64,0.00022765852105953742,0.000170169882582777,SPY
2021-09-01,09:54,09:54 AM,452.63,452.59,452.624,422,191007.38,4,452.69,452.59,452.63,125387,56753968.3981,762,452.62,452.61,452.64,452.62,0.0004243731654701862,0.0003116097849892916,SPY
2021-09-01,09:55,09:55 AM,452.62,452.35,452.459,583,263783.78,9,452.63,452.35,452.467,90772,41071381.0701,549,452.62,452.37,452.63,452.383,0.00005967747639421352,-0.000048619966452204056,SPY
2021-09-01,09:56,09:56 AM,452.42,452.07,452.229,3726,1685005.39,26,452.425,452.055,452.176,257144,116274417.2193,1364,452.415,452.07,452.39,452.07,-0.0004486862114086346,-0.0006917295227066032,SPY
2021-09-01,09:57,09:57 AM,452.075,451.84,451.936,11400,5152066.92,66,452.08,451.82,451.929,247111,111676687.8964,1439,452.075,451.985,452.065,451.97,-0.0010962973441313562,-0.0012375991460565944,SPY
2021-09-01,09:58,09:58 AM,451.945,451.87,451.879,2477,1119305.19,21,451.96,451.87,451.89,122034,55145954.5441,658,451.945,451.89,451.96,451.9,-0.0012222831276302235,-0.0013237890865855071,SPY
2021-09-01,09:59,09:59 AM,452.09,451.9,452.028,511,230986.45,11,452.1,451.89,452.022,111973,50614247.1634,775,451.9,452,451.89,452,-0.0008929518690101415,-0.0010320692878721574,SPY
2021-09-01,10:00,10 AM,452.23,452.03,452.105,13512,6108843.725,34,452.249,451.98,452.1,260826,117919444.8294,1241,452.04,452.23,452.01,452.245,-0.0007227605474413794,-0.0008596894068142059,SPY
2021-09-01,10:01,10:01 AM,452.37,452.21,452.312,983,444622.41,13,452.38,452.19,452.281,162158,73340957.9263,1002,452.29,452.36,452.25,452.36,-0.00026523322841886637,-0.00045967968282095256,SPY
2021-09-01,10:02,10:02 AM,452.57,452.3,452.471,7907,3577691.3,17,452.59,452.27,452.412,220740,99865349.4125,1431,452.36,452.555,452.36,452.57,0.00008620079923610016,-0.000170169882582777,SPY
2021-09-01,10:03,10:03 AM,452.57,452.33,452.373,8570,3876838.15,39,452.595,452.31,452.416,345428,156277224.3521,2054,452.56,452.34,452.595,452.34,-0.00013040633730599497,-0.0001613298886823306,SPY
2021-09-01,10:04,10:04 AM,452.4,452.3,452.388,9230,4175542.3,21,452.4,452.283,452.369,111619,50492966.5972,517,452.34,452.4,452.34,452.395,-0.0000972521837536681,-0.0002651998170120107,SPY
2021-09-01,10:05,10:05 AM,452.4,452.3,452.325,2394,1082865.88,15,452.42,452.29,452.345,119623,54110850.9866,669,452.4,452.36,452.4,452.35,-0.00023649962867354152,-0.000318239780414438,SPY
2021-09-01,10:06,10:06 AM,452.4,452.28,452.331,1270,574460.44,13,452.415,452.26,452.318,142678,64535874.875,811,452.34,452.4,452.35,452.275,-0.00022323796725253538,-0.00037790973924226284,SPY
2021-09-01,10:07,10:07 AM,452.41,452.27,452.324,816,369096.44,4,452.43,452.25,452.351,96917,43840458.578,560,452.29,452.41,452.27,452.42,-0.00023870990557697973,-0.00030497978956389396,SPY
2021-09-01,10:08,10:08 AM,452.39,452.34,452.382,1832,828764.125,18,452.415,452.33,452.369,55126,24937311.2964,303,452.39,452.38,452.41,452.373,-0.00011051384517454858,-0.0002651998170120107,SPY
2021-09-01,10:09,10:09 AM,452.45,452.33,452.401,668,302203.93,14,452.45,452.32,452.394,69895,31620044.3201,439,452.4,452.45,452.38,452.43,-0.00006851858400821761,-0.00020994985513453465,SPY
2021-09-01,10:10,10:10 AM,452.43,452.37,452.403,226,102243.13,4,452.44,452.36,452.391,44164,19979390.4057,315,452.43,452.38,452.44,452.4,-0.00006409803020121556,-0.00021657985055980664,SPY
2021-09-01,10:11,10:11 AM,452.48,452.27,452.42,476,215351.89,8,452.49,452.25,452.367,69980,31656645.0686,330,452.43,452.27,452.41,452.28,-0.000026523322841886637,-0.0002696198139622339,SPY
2021-09-01,10:12,10:12 AM,452.26,452.13,452.2,869,392961.485,13,452.26,452.1,452.203,62141,28100368.9277,414,452.245,452.26,452.26,452.24,-0.0005127842416098501,-0.000632059563878904,SPY
2021-09-01,10:13,10:13 AM,452.345,452.235,452.286,3491,1578931.24,45,452.35,452.22,452.282,77338,34978601.0921,355,452.25,452.315,452.241,452.32,-0.0003227004279096417,-0.00045746968434590374,SPY
2021-09-01,10:14,10:14 AM,452.4,452.315,452.351,5143,2326443.39,21,452.41,452.3,452.349,156087,70605741.294,896,452.325,452.35,452.32,452.39,-0.0001790324291827662,-0.00030939978651411715,SPY
2021-09-01,10:15,10:15 AM,452.385,452.28,452.346,2774,1254807.015,11,452.39,452.25,452.342,136004,61520344.2479,739,452.36,452.355,452.39,452.38,-0.0001900838137002085,-0.0003248697758398356,SPY
2021-09-01,10:16,10:16 AM,452.4,452.33,452.369,3816,1726238.97,12,452.41,452.32,452.367,94488,42743234.4455,484,452.385,452.395,452.38,452.395,-0.00013924744491987344,-0.0002696198139622339,SPY
2021-09-01,10:17,10:17 AM,452.36,452.22,452.283,3439,1555402.95,21,452.4,452.21,452.317,92895,42018015.7212,534,452.36,452.22,452.385,452.23,-0.00032933125862008193,-0.00038011973771731166,SPY
2021-09-01,10:18,10:18 AM,452.27,452.165,452.214,1095,495173.89,11,452.29,452.145,452.227,107261,48506335.14,681,452.24,452.27,452.23,452.27,-0.0004818403649609615,-0.0005790196004764767,SPY
2021-09-01,10:19,10:19 AM,452.24,452.19,452.228,502,227018.4,5,452.28,452.18,452.23,117210,53005924.5094,656,452.21,452.24,452.27,452.24,-0.0004508964883120728,-0.0005723896050510791,SPY
2021-09-01,10:20,10:20 AM,452.26,452.17,452.242,304,137481.68,4,452.305,452.125,452.225,109160,49364883.0245,522,452.17,452.26,452.24,452.21,-0.0004199526116631841,-0.0005834395974265743,SPY
2021-09-01,10:21,10:21 AM,452.24,452.19,452.225,330,149234.2,7,452.29,452.17,452.22,70693,31968811.305,396,452.225,452.24,452.21,452.29,-0.00045752731902251305,-0.0005944895898020695,SPY
2021-09-01,10:22,10:22 AM,452.29,452.25,452.284,1345,608322.635,10,452.305,452.212,452.274,45569,20609687.9515,270,452.29,452.28,452.29,452.3,-0.0003271209817166437,-0.00047514967214667096,SPY
2021-09-01,10:23,10:23 AM,452.29,452.29,452.29,823,372234.67,5,452.38,452.26,452.31,61007,27594108.785,367,452.29,452.29,452.3,452.29,-0.0003138593202956376,-0.00039558972704303007,SPY
2021-09-01,10:24,10:24 AM,452.3,452.165,452.262,1504,680202.675,10,452.34,452.14,452.25,141857,64154764.3819,620,452.3,452.175,452.29,452.18,-0.00037574707359341495,-0.0005281896355490982,SPY
2021-09-01,10:25,10:25 AM,452.205,452.12,452.17,1915,865905.8,15,452.229,452.11,452.179,104161,47099415.3801,508,452.14,452.165,452.17,452.18,-0.000579092548714504,-0.0006850995272813312,SPY
2021-09-01,10:26,10:26 AM,452.27,452.16,452.177,2116,956806.1,9,452.27,452.15,452.219,92801,41966412.1263,402,452.18,452.27,452.16,452.27,-0.0005636206103900596,-0.0005966995882772439,SPY
2021-09-01,10:27,10:27 AM,452.27,452.225,452.269,546,246938.8,6,452.32,452.21,452.254,88191,39884736.6638,565,452.27,452.27,452.271,452.25,-0.00036027513526897063,-0.0005193496416486519,SPY
2021-09-01,10:28,10:28 AM,452.3,452.25,452.267,711,321561.83,13,452.312,452.215,452.255,73895,33419413.6759,433,452.27,452.255,452.24,452.255,-0.00036469568907597266,-0.000517139643173603,SPY
2021-09-01,10:29,10:29 AM,452.28,452.24,452.24,184,83212.24,4,452.29,452.22,452.254,31643,14310661.0345,201,452.28,452.24,452.25,452.25,-0.0004243731654701862,-0.0005193496416486519,SPY
2021-09-01,10:30,10:30 AM,452.35,452.255,452.326,1095,495296.58,19,452.365,452.24,452.323,121185,54814761.1608,798,452.255,452.33,452.24,452.335,-0.00023428935176997767,-0.00036685974686676763,SPY
2021-09-01,10:31,10:31 AM,452.35,452.305,452.32,5554,2512187.885,22,452.37,452.3,452.329,80033,36201273.9705,424,452.33,452.35,452.34,452.335,-0.00024755101319098383,-0.000353599756016098,SPY
2021-09-01,10:32,10:32 AM,452.315,452.28,452.298,1211,547732.345,22,452.34,452.27,452.299,74616,33748730.8648,436,452.3,452.315,452.34,452.323,-0.000296177105067755,-0.0004198997102691949,SPY
2021-09-01,10:33,10:33 AM,452.37,452.305,452.354,691,312576.415,12,452.39,452.29,452.351,55228,24982472.9125,331,452.305,452.37,452.32,452.38,-0.00017240159847232596,-0.00030497978956389396,SPY
2021-09-01,10:34,10:34 AM,452.4,452.26,452.376,7209,3261179.64,28,452.41,452.26,452.334,76207,34471017.5889,409,452.37,452.26,452.38,452.26,-0.00012377550659555472,-0.0003425497636406028,SPY
2021-09-01,10:35,10:35 AM,452.3,452.165,452.245,6971,3152602.415,28,452.32,452.16,452.235,87690,39656478.8714,472,452.27,452.23,452.27,452.22,-0.00041332178095274385,-0.0005613396126755839,SPY
2021-09-01,10:36,10:36 AM,452.38,452.23,452.252,1114,503808.7,15,452.395,452.21,452.286,84300,38127717.1911,428,452.23,452.38,452.23,452.38,-0.0003978498426282995,-0.00044862969044545735,SPY
2021-09-01,10:37,10:37 AM,452.43,452.37,452.402,694,313967.38,13,452.47,452.36,452.417,101065,45723514.4265,593,452.38,452.43,452.4,452.42,-0.00006630830710477941,-0.0001591198902072818,SPY
2021-09-01,10:38,10:38 AM,452.43,452.38,452.394,3612,1634048.485,16,452.46,452.36,452.409,62543,28295052.1727,347,452.415,452.42,452.41,452.46,-0.00008399052233266195,-0.000176799878008049,SPY
2021-09-01,10:39,10:39 AM,452.47,452.43,452.441,821,371454.21,11,452.47,452.4,452.446,60254,27261684.0295,337,452.47,452.45,452.46,452.47,0.000019892492131320747,-0.0000950299344292337,SPY
2021-09-01,10:40,10:40 AM,452.475,452.45,452.465,849,384142.615,15,452.48,452.44,452.458,97428,44082066.4794,530,452.46,452.45,452.46,452.47,0.00007293913781509401,-0.00006850995272802006,SPY
2021-09-01,10:41,10:41 AM,452.475,452.385,452.433,1249,565089.475,11,452.48,452.37,452.426,95957,43413429.5775,458,452.475,452.395,452.47,452.42,0.000002210276903438203,-0.00013922990393134017,SPY
2021-09-01,10:42,10:42 AM,452.43,452.405,452.411,285,128937.3,8,452.45,452.38,452.417,40742,18432369.7122,274,452.42,452.43,452.42,452.43,-0.00004641581497333302,-0.0001591198902072818,SPY
2021-09-01,10:43,10:43 AM,452.43,452.42,452.425,604,273264.89,9,452.44,452.41,452.428,34663,15682496.4805,230,452.43,452.425,452.43,452.43,-0.00001547193832444434,-0.00013480990698111695,SPY
2021-09-01,10:44,10:44 AM,452.45,452.405,452.414,866,391791.035,16,452.45,452.4,452.425,41640,18838969.8091,253,452.42,452.45,452.43,452.45,-0.00003978498426289277,-0.00014143990240638897,SPY
2021-09-01,10:45,10:45 AM,452.48,452.42,452.444,618,279610.64,7,452.49,452.415,452.453,64378,29128027.842,397,452.425,452.48,452.44,452.48,0.000026523322841886637,-0.0000795599451036409,SPY
2021-09-01,10:46,10:46 AM,452.59,452.485,452.55,4682,2118840.455,18,452.59,452.48,452.543,135200,61183772.4687,692,452.485,452.555,452.49,452.56,0.00026081267461186433,0.00011933991765552416,SPY
2021-09-01,10:47,10:47 AM,452.62,452.55,452.59,5732,2594244.05,26,452.62,452.53,452.577,81302,36795408.74,501,452.55,452.55,452.55,452.53,0.0003492237507514027,0.00019447986580894185,SPY
2021-09-01,10:48,10:48 AM,452.54,452.49,452.514,446,201821.065,8,452.54,452.46,452.514,43373,19626873.4143,276,452.53,452.49,452.53,452.46,0.0001812427060862044,0.00005524996187760168,SPY
2021-09-01,10:49,10:49 AM,452.535,452.46,452.467,5212,2358258.56,31,452.54,452.46,452.5,53790,24339967.764,297,452.46,452.515,452.47,452.53,0.00007735969162209606,0.00002430998322616484,SPY
2021-09-01,10:50,10:50 AM,452.58,452.52,452.553,1314,594654.99,18,452.58,452.51,452.546,91602,41454163.1377,601,452.54,452.57,452.54,452.575,0.0002674435053223046,0.00012596991308079617,SPY
2021-09-01,10:51,10:51 AM,452.57,452.48,452.514,6212,2811019.935,44,452.57,452.48,452.508,162071,73338461.8444,856,452.57,452.515,452.568,452.52,0.0001812427060862044,0.00004198997102693205,SPY
2021-09-01,10:52,10:52 AM,452.555,452.515,452.536,1247,564312.63,18,452.57,452.5,452.539,28204,12763426.8772,174,452.55,452.515,452.525,452.54,0.00022986879796297563,0.00011049992375507773,SPY
2021-09-01,10:53,10:53 AM,452.55,452.46,452.474,2897,1310816.445,28,452.67,452.45,452.657,940175,425576775.9122,373,452.54,452.47,452.54,452.48,0.0000928316299465404,0.0003712797438169909,SPY
2021-09-01,10:54,10:54 AM,452.51,452.44,452.493,705,319007.83,9,452.52,452.43,452.484,35112,15887624.0574,214,452.485,452.51,452.48,452.51,0.00013482689111287137,-0.000011049992375495212,SPY
2021-09-01,10:55,10:55 AM,452.54,452.505,452.526,799,361568.49,8,452.56,452.5,452.529,52341,23685828.2132,259,452.505,452.54,452.505,452.52,0.00020776602892809103,0.00008839993900408731,SPY
2021-09-01,10:56,10:56 AM,452.53,452.51,452.521,720,325815.34,18,452.54,452.5,452.516,42714,19328754.5613,287,452.51,452.51,452.52,452.5,0.00019671464441064874,0.00005966995882782489,SPY
2021-09-01,10:57,10:57 AM,452.49,452.455,452.479,1363,616728.89,19,452.5,452.45,452.474,42750,19343289.03,230,452.49,452.455,452.49,452.47,0.0001038830144639827,-0.00003314997712648564,SPY
2021-09-01,10:58,10:58 AM,452.54,452.46,452.487,2005,907236.405,24,452.55,452.45,452.483,48717,22043609.5756,310,452.46,452.54,452.47,452.55,0.00012156522969199088,-0.000013259990850544005,SPY
2021-09-01,10:59,10:59 AM,452.56,452.515,452.54,2081,941736.095,28,452.6,452.51,452.546,92413,41821187.9735,541,452.55,452.56,452.54,452.59,0.00023870990557697973,0.00012596991308079617,SPY
2021-09-01,11:00,11 AM,452.665,452.585,452.646,2428,1099025.34,25,452.67,452.57,452.624,103442,46820323.025,559,452.585,452.66,452.58,452.66,0.00047299925734695737,0.0002983497941387476,SPY
2021-09-01,11:01,11:01 AM,452.67,452.615,452.64,2852,1290930.705,35,452.67,452.61,452.639,85068,38505052.5873,505,452.665,452.63,452.665,452.63,0.00045973759592595127,0.00033149977126523323,SPY
2021-09-01,11:02,11:02 AM,452.575,452.4,452.504,1827,826725.45,38,452.635,452.395,452.502,90901,41132864.6211,525,452.57,452.4,452.635,452.395,0.00015913993705131982,0.000028729980176388048,SPY
2021-09-01,11:03,11:03 AM,452.42,452.36,452.389,2118,958160.55,27,452.42,452.36,452.387,109090,49350952.9091,558,452.4,452.37,452.4,452.37,-0.00009504190685010425,-0.00022541984446025306,SPY
2021-09-01,11:04,11:04 AM,452.35,452.295,452.334,1038,469522.695,14,452.37,452.28,452.327,59290,26818468.2591,363,452.335,452.34,452.37,452.33,-0.00021660713654209513,-0.00035801975296632124,SPY
2021-09-01,11:05,11:05 AM,452.325,452.26,452.3,1494,675735.9,27,452.33,452.25,452.299,52928,23939296.6542,327,452.325,452.26,452.32,452.26,-0.000291756551260753,-0.0004198997102691949,SPY
2021-09-01,11:06,11:06 AM,452.275,452.22,452.245,4732,2140024.525,31,452.28,452.22,452.247,120158,54341042.2066,754,452.235,452.275,452.255,452.275,-0.00041332178095274385,-0.0005348196309743703,SPY
2021-09-01,11:07,11:07 AM,452.395,452.27,452.333,3106,1404946.62,20,452.41,452.26,452.341,74855,33859964.8732,428,452.27,452.395,452.27,452.4,-0.00021881741344553335,-0.0003270797743148844,SPY
2021-09-01,11:08,11:08 AM,452.51,452.405,452.444,4331,1959536.825,24,452.52,452.4,452.449,98880,44738158.825,636,452.405,452.51,452.41,452.51,0.000026523322841886637,-0.0000883999390039617,SPY
2021-09-01,11:09,11:09 AM,452.535,452.49,452.511,3941,1783344.865,32,452.535,452.47,452.505,126649,57309349.0422,800,452.5,452.525,452.51,452.53,0.00017461187537576414,0.00003535997560166005,SPY
2021-09-01,11:10,11:10 AM,452.55,452.5,452.529,991,448455.79,16,452.56,452.49,452.531,84837,38391406.6516,452,452.53,452.545,452.53,452.54,0.00021439685963853128,0.00009281993595431052,SPY
2021-09-01,11:11,11:11 AM,452.565,452.54,452.553,567,256597.4,14,452.57,452.522,452.549,73495,33260081.4912,388,452.54,452.55,452.54,452.56,0.0002674435053223046,0.00013259990850606815,SPY
2021-09-01,11:12,11:12 AM,452.575,452.46,452.504,722,326707.815,8,452.59,452.45,452.509,76914,34804308.195,424,452.565,452.46,452.565,452.45,0.00015913993705131982,0.00004419996950210647,SPY
2021-09-01,11:13,11:13 AM,452.46,452.395,452.447,1165,527101.36,17,452.47,452.375,452.429,79474,35956325.709,507,452.43,452.45,452.45,452.45,0.00003315415355232688,-0.00013259990850606815,SPY
2021-09-01,11:14,11:14 AM,452.45,452.405,452.435,803,363305.275,14,452.46,452.4,452.428,86289,39039575.285,325,452.45,452.43,452.45,452.43,0.000006630830710440249,-0.00013480990698111695,SPY
2021-09-01,11:15,11:15 AM,452.52,452.44,452.467,991,448394.555,15,452.525,452.42,452.482,73010,33035713.8248,323,452.44,452.49,452.44,452.498,0.00007735969162209606,-0.000015469989325592796,SPY
2021-09-01,11:16,11:16 AM,452.49,452.4,452.446,466,210839.8,7,452.51,452.38,452.421,57165,25862670.805,396,452.49,452.42,452.5,452.42,0.00003094387664888868,-0.00015027989630683538,SPY
2021-09-01,11:17,11:17 AM,452.41,452.33,452.348,507,229340.345,14,452.42,452.27,452.333,112016,50668520.4909,605,452.41,452.33,452.42,452.3,-0.00018566325989320646,-0.0003447597621156516,SPY
2021-09-01,11:18,11:18 AM,452.37,452.32,452.342,509,230241.93,6,452.36,452.27,452.324,76537,34619535.735,440,452.33,452.32,452.29,452.3,-0.0001989249213142126,-0.00036464974839159326,SPY
2021-09-01,11:19,11:19 AM,452.35,452.3,452.329,877,396692.635,13,452.36,452.285,452.323,37146,16801991.338,229,452.3,452.34,452.29,452.34,-0.00022765852105953742,-0.00036685974686676763,SPY
2021-09-01,11:20,11:20 AM,452.37,452.29,452.33,389,175956.57,8,452.37,452.28,452.322,59998,27138424.1521,377,452.37,452.32,452.34,452.325,-0.00022544824415609923,-0.00036906974534181645,SPY
2021-09-01,11:21,11:21 AM,452.32,452.16,452.221,3302,1493232.8,34,452.32,452.12,452.205,220289,99615785.2198,1285,452.32,452.17,452.32,452.175,-0.0004663684266365171,-0.0006276395669286808,SPY
2021-09-01,11:22,11:22 AM,452.18,452.14,452.161,2133,964459.375,28,452.19,452.11,452.157,89157,40312959.1713,520,452.18,452.18,452.18,452.185,-0.0005989850408459503,-0.0007337194937335353,SPY
2021-09-01,11:23,11:23 AM,452.24,452.18,452.209,924,417840.9,9,452.243,452.18,452.216,75737,34249450.8836,385,452.18,452.24,452.18,452.235,-0.0004928917494784038,-0.0006033295837025159,SPY
2021-09-01,11:24,11:24 AM,452.24,452.2,452.216,1899,858757.33,19,452.24,452.18,452.211,101787,46029171.805,585,452.21,452.21,452.235,452.18,-0.00047741981115395946,-0.0006143795760780111,SPY
2021-09-01,11:25,11:25 AM,452.19,452.16,452.173,1034,467546.47,9,452.2,452.15,452.173,48017,21711981.8513,285,452.175,452.18,452.18,452.185,-0.0005724617180040637,-0.0006983595181318753,SPY
2021-09-01,11:26,11:26 AM,452.25,452.17,452.198,1219,551229.21,12,452.25,452.155,452.217,66049,29868516.9785,354,452.2,452.17,452.19,452.155,-0.0005172047954168522,-0.0006011195852274672,SPY
2021-09-01,11:27,11:27 AM,452.2,452.13,452.165,1557,704020.325,26,452.2,452.13,452.165,52196,23601201.5688,365,452.16,452.17,452.17,452.175,-0.0005901439332319463,-0.0007160395059326425,SPY
2021-09-01,11:28,11:28 AM,452.3,452.195,452.242,607,274511.1,8,452.32,452.18,452.245,63105,28538937.6811,376,452.195,452.3,452.18,452.31,-0.0004199526116631841,-0.0005392396279245935,SPY
2021-09-01,11:29,11:29 AM,452.35,452.31,452.333,614,277732.34,8,452.38,452.29,452.332,72311,32708583.2841,488,452.32,452.31,452.305,452.31,-0.00021881741344553335,-0.00034696976059082603,SPY
2021-09-01,11:30,11:30 AM,452.4,452.29,452.341,859,388560.98,17,452.42,452.279,452.334,62509,28274946.0738,463,452.3,452.4,452.31,452.408,-0.00020113519821765078,-0.0003425497636406028,SPY
2021-09-01,11:31,11:31 AM,452.48,452.41,452.455,925,418520.85,9,452.49,452.39,452.445,54877,24828802.6596,387,452.41,452.48,452.415,452.45,0.000050836368780209426,-0.00009723993290440811,SPY
2021-09-01,11:32,11:32 AM,452.46,452.385,452.416,729,329811.5,10,452.46,452.38,452.418,74250,33592065.609,456,452.45,452.415,452.45,452.43,-0.00003536443045589073,-0.00015690989173210737,SPY
2021-09-01,11:33,11:33 AM,452.485,452.405,452.455,2734,1237011.93,31,452.485,452.4,452.45,76999,34838199.835,430,452.405,452.46,452.43,452.46,0.000050836368780209426,-0.0000861899405289129,SPY
2021-09-01,11:34,11:34 AM,452.515,452.465,452.493,713,322627.87,11,452.52,452.46,452.494,33052,14955836.6392,223,452.465,452.495,452.46,452.5,0.00013482689111287137,0.000011049992375620835,SPY
2021-09-01,11:35,11:35 AM,452.515,452.425,452.479,938,424425.445,22,452.52,452.425,452.478,41779,18904088.2686,286,452.51,452.43,452.51,452.43,0.0001038830144639827,-0.000024309983226039215,SPY
2021-09-01,11:36,11:36 AM,452.465,452.42,452.443,482,218077.46,8,452.48,452.41,452.44,38348,17350157.68,258,452.425,452.45,452.43,452.48,0.000024313045938322793,-0.00010828992527990332,SPY
2021-09-01,11:37,11:37 AM,452.5,452.46,452.478,411,185968.58,7,452.525,452.45,452.496,50994,23074601.2243,318,452.5,452.46,452.475,452.47,0.0001016727375605445,0.00001546998932571842,SPY
2021-09-01,11:38,11:38 AM,452.5,452.49,452.495,501,226700,6,452.515,452.45,452.495,70192,31761497.805,343,452.495,452.49,452.46,452.48,0.00013924744491987344,0.000013259990850669628,SPY
2021-09-01,11:39,11:39 AM,452.45,452.43,452.449,92,41625.28,2,452.495,452.415,452.446,27410,12401537.479,151,452.45,452.43,452.47,452.43,0.00003757470735932893,-0.0000950299344292337,SPY
2021-09-01,11:40,11:40 AM,452.43,452.395,452.415,988,446986.445,14,452.43,452.39,452.411,19834,8973123.605,143,452.42,452.4,452.43,452.39,-0.00003757470735932893,-0.0001723798810578258,SPY
2021-09-01,11:41,11:41 AM,452.42,452.34,452.377,1404,635136.92,33,452.43,452.34,452.383,38459,17398207.1273,262,452.42,452.34,452.4,452.35,-0.00012156522969199088,-0.00023425983836069947,SPY
2021-09-01,11:42,11:42 AM,452.42,452.355,452.388,211,95453.88,4,452.43,452.34,452.394,27196,12303314.754,194,452.355,452.42,452.34,452.42,-0.0000972521837536681,-0.00020994985513453465,SPY
2021-09-01,11:43,11:43 AM,452.44,452.37,452.405,666,301301.765,10,452.44,452.342,452.404,55916,25296633.7927,364,452.44,452.37,452.424,452.35,-0.00005967747639433916,-0.00018784987038354423,SPY
2021-09-01,11:44,11:44 AM,452.42,452.34,452.363,721,326153.9,9,452.42,452.33,452.367,41217,18645216.255,220,452.34,452.42,452.34,452.399,-0.00015250910634087957,-0.0002696198139622339,SPY
2021-09-01,11:45,11:45 AM,452.43,452.395,452.411,589,266469.94,11,452.43,452.39,452.414,23566,10661600.5326,161,452.395,452.41,452.4,452.41,-0.00004641581497333302,-0.00016574988563255379,SPY
2021-09-01,11:46,11:46 AM,452.42,452.365,452.379,352,159237.29,6,452.42,452.34,452.385,35963,16269109.9714,234,452.365,452.42,452.42,452.415,-0.00011714467588498883,-0.00022983984141047628,SPY
2021-09-01,11:47,11:47 AM,452.4,452.355,452.39,833,376840.945,13,452.41,452.29,452.359,45476,20571462.85,245,452.4,452.355,452.41,452.31,-0.00009283162994666604,-0.00028729980176312673,SPY
2021-09-01,11:48,11:48 AM,452.31,452.285,452.301,601,271832.71,8,452.36,452.25,452.306,34706,15697733.828,210,452.285,452.31,452.3,452.348,-0.00028954627435731476,-0.0004044297209434765,SPY
2021-09-01,11:49,11:49 AM,452.365,452.31,452.339,340,153795.1,4,452.365,452.29,452.32,18156,8212324.8108,130,452.365,452.34,452.342,452.34,-0.00020555575202465284,-0.00037348974229203964,SPY
2021-09-01,11:50,11:50 AM,452.355,452.33,452.345,615,278192.155,10,452.37,452.31,452.341,15473,6999066.393,97,452.345,452.33,452.35,452.34,-0.0001922940906036467,-0.0003270797743148844,SPY
2021-09-01,11:51,11:51 AM,452.475,452.345,452.413,541,244755.215,9,452.479,452.345,452.416,70189,31754614.7779,337,452.345,452.475,452.345,452.47,-0.00004199526116633097,-0.0001613298886823306,SPY
2021-09-01,11:52,11:52 AM,452.48,452.435,452.461,428,193653.395,6,452.49,452.43,452.463,25656,11608402.8297,183,452.47,452.435,452.47,452.45,0.00006409803020121556,-0.00005745996035252485,SPY
2021-09-01,11:53,11:53 AM,452.45,452.42,452.435,466,210834.71,12,452.45,452.4,452.43,18270,8265890.49,125,452.42,452.44,452.435,452.44,0.000006630830710440249,-0.00013038991003089376,SPY
2021-09-01,11:54,11:54 AM,452.415,452.415,452.415,112,50670.48,2,452.44,452.39,452.42,57199,25877969.63,242,452.415,452.415,452.44,452.41,-0.00003757470735932893,-0.00015248989478188418,SPY
2021-09-01,11:55,11:55 AM,452.47,452.42,452.462,629,284598.37,9,452.47,452.41,452.457,29145,13186858.2897,178,452.42,452.465,452.41,452.46,0.00006630830710465376,-0.00007071995120319448,SPY
2021-09-01,11:56,11:56 AM,452.48,452.46,452.464,253,114473.43,5,452.49,452.44,452.469,15513,7019146.6025,114,452.47,452.46,452.47,452.45,0.00007072886091165581,-0.00004419996950198085,SPY
2021-09-01,11:57,11:57 AM,452.47,452.44,452.454,1819,823014.89,23,452.48,452.43,452.454,35187,15920510.8614,217,452.46,452.47,452.46,452.46,0.000048626091876771224,-0.00007734994662846649,SPY
2021-09-01,11:58,11:58 AM,452.45,452.43,452.438,242,109490.13,13,452.46,452.41,452.435,33336,15082367.5598,216,452.45,452.43,452.46,452.43,0.000013261661420880497,-0.00011933991765539853,SPY
2021-09-01,11:59,11:59 AM,452.44,452.35,452.371,657,297207.64,15,452.44,452.35,452.38,35505,16061769.7173,226,452.44,452.37,452.425,452.37,-0.00013482689111299703,-0.0002408898337859715,SPY
2021-09-01,12:00,12 PM,452.46,452.34,452.383,1178,532907.29,17,452.47,452.35,452.384,43451,19656547.495,310,452.365,452.46,452.37,452.46,-0.00010830356827111038,-0.00023204983988552507,SPY
2021-09-01,12:01,12:01 PM,452.48,452.365,452.417,676,305834.125,14,452.48,452.37,452.433,19193,8683557.8327,135,452.47,452.385,452.46,452.41,-0.00003315415355245253,-0.00012375991460562174,SPY
2021-09-01,12:02,12:02 PM,452.48,452.425,452.447,727,328929.15,9,452.5,452.42,452.468,33061,14959039.8846,216,452.43,452.475,452.423,452.475,0.00003315415355232688,-0.00004640996797702964,SPY
2021-09-01,12:03,12:03 PM,452.515,452.48,452.501,893,404083.64,10,452.52,452.47,452.504,33882,15331729.74,221,452.5,452.5,452.475,452.515,0.00015250910634075394,0.000033149977126611256,SPY
2021-09-01,12:04,12:04 PM,452.515,452.49,452.502,812,367431.88,11,452.52,452.485,452.502,43117,19510511.22,316,452.515,452.51,452.51,452.495,0.00015471938324431776,0.000028729980176388048,SPY
2021-09-01,12:05,12:05 PM,452.53,452.49,452.515,2219,1004130.81,16,452.55,452.49,452.51,79031,35762287.175,392,452.5,452.53,452.5,452.535,0.0001834529829896426,0.00004640996797715526,SPY
2021-09-01,12:06,12:06 PM,452.54,452.51,452.518,1902,860688.965,18,452.54,452.5,452.521,35803,16201617.6436,224,452.54,452.51,452.54,452.51,0.00019008381370008286,0.0000707199512033201,SPY
2021-09-01,12:07,12:07 PM,452.56,452.51,452.54,1830,828147.86,23,452.56,452.51,452.543,49472,22388198.27,252,452.52,452.545,452.51,452.555,0.00023870990557697973,0.00011933991765552416,SPY
2021-09-01,12:08,12:08 PM,452.59,452.54,452.566,3092,1399335,21,452.59,452.535,452.569,68068,30805478.8526,445,452.56,452.575,452.56,452.589,0.0002961771050676294,0.00017679987800817463,SPY
2021-09-01,12:09,12:09 PM,452.605,452.57,452.586,1965,889330.61,20,452.61,452.56,452.584,46332,20969143.622,326,452.58,452.58,452.58,452.56,0.0003403826431375242,0.00020994985513466026,SPY
2021-09-01,12:10,12:10 PM,452.58,452.56,452.573,667,301866.12,11,452.58,452.55,452.569,35189,15925454.3129,188,452.56,452.575,452.56,452.57,0.00031164904339207373,0.00017679987800817463,SPY
2021-09-01,12:11,12:11 PM,452.58,452.57,452.572,460,208183.1,9,452.58,452.56,452.571,22243,10066537.9667,139,452.57,452.58,452.57,452.57,0.0003094387664886355,0.00018121987495839785,SPY
2021-09-01,12:12,12:12 PM,452.6,452.565,452.582,1412,639046.63,16,452.61,452.561,452.591,34861,15777762.62,240,452.57,452.59,452.565,452.605,0.00033154153552352014,0.0002254198444603787,SPY
2021-09-01,12:13,12:13 PM,452.65,452.62,452.636,1233,558100.6,19,452.67,452.6,452.629,68050,30801421.3151,347,452.62,452.63,452.61,452.61,0.0004508964883120728,0.0003093997865142428,SPY
2021-09-01,12:14,12:14 PM,452.61,452.58,452.598,757,342616.86,15,452.61,452.57,452.592,26050,11790024.4368,145,452.6,452.59,452.61,452.585,0.0003669059659794109,0.00022762984293542748,SPY
2021-09-01,12:15,12:15 PM,452.61,452.59,452.599,595,269296.47,8,452.62,452.575,452.599,27556,12471809.9582,195,452.61,452.61,452.59,452.62,0.00036911624288284904,0.0002430998322611459,SPY
2021-09-01,12:16,12:16 PM,452.61,452.59,452.601,1320,597433.43,15,452.61,452.573,452.6,45121,20421787.05,328,452.61,452.59,452.61,452.58,0.0003735367966898511,0.0002453098307363203,SPY
2021-09-01,12:17,12:17 PM,452.59,452.54,452.568,1343,607799.41,27,452.595,452.54,452.562,36688,16603593.3332,253,452.57,452.55,452.57,452.55,0.00030059765887463144,0.00016132988868245622,SPY
2021-09-01,12:18,12:18 PM,452.62,452.605,452.608,207,93689.84,5,452.638,452.555,452.603,38783,17553303.97,272,452.605,452.62,452.555,452.61,0.00038900873501429545,0.00025193982616159233,SPY
2021-09-01,12:19,12:19 PM,452.64,452.6,452.613,1127,510095.485,11,452.64,452.6,452.615,35762,16186410.8736,249,452.61,452.605,452.605,452.605,0.00040006011953173774,0.00027845980786280595,SPY
2021-09-01,12:20,12:20 PM,452.61,452.59,452.608,424,191906,10,452.63,452.59,452.607,55227,24996105.8777,361,452.605,452.61,452.605,452.62,0.00038900873501429545,0.0002607798200620387,SPY
2021-09-01,12:21,12:21 PM,452.63,452.615,452.621,1319,597007.755,16,452.639,452.6,452.623,40513,18337101.85,299,452.62,452.63,452.62,452.621,0.0004177423347596203,0.0002961397956635732,SPY
2021-09-01,12:22,12:22 PM,452.65,452.625,452.633,2102,951433.775,25,452.72,452.615,452.712,835529,378253736.8007,524,452.63,452.65,452.625,452.63,0.00044426565760150694,0.0004928296599475638,SPY
2021-09-01,12:23,12:23 PM,452.645,452.625,452.638,1404,635503.3,14,452.65,452.615,452.632,36046,16315579.6294,255,452.63,452.635,452.625,452.635,0.00045531704211894923,0.00031602978193951477,SPY
2021-09-01,12:24,12:24 PM,452.65,452.625,452.645,1347,609713.17,12,452.66,452.615,452.637,42620,19291369.6046,189,452.63,452.65,452.64,452.65,0.00047078898044339355,0.00032707977431501004,SPY
2021-09-01,12:25,12:25 PM,452.72,452.55,452.653,3267,1478818.915,37,452.74,452.55,452.622,382766,173248214.9354,1845,452.68,452.57,452.65,452.551,0.0004884711956714017,0.00029392979718852435,SPY
2021-09-01,12:26,12:26 PM,452.56,452.51,452.538,2265,1024998.965,14,452.57,452.5,452.535,140716,63678955.1804,748,452.555,452.56,452.55,452.57,0.00023428935176997767,0.00010165992985475695,SPY
2021-09-01,12:27,12:27 PM,452.585,452.565,452.582,413,186916.36,7,452.6,452.555,452.583,49480,22393787.4806,256,452.585,452.565,452.57,452.555,0.00033154153552352014,0.00020773985665961146,SPY
2021-09-01,12:28,12:28 PM,452.59,452.55,452.567,468,211801.585,6,452.64,452.55,452.599,27639,12509394.16,187,452.55,452.59,452.55,452.62,0.00029838738197119323,0.0002430998322611459,SPY
2021-09-01,12:29,12:29 PM,452.65,452.63,452.641,561,253931.39,10,452.665,452.6,452.64,59175,26784961.167,432,452.64,452.65,452.618,452.65,0.0004619478728295151,0.000333709769740282,SPY
2021-09-01,12:30,12:30 PM,452.65,452.61,452.622,206,93240.08,9,452.66,452.595,452.62,40429,18298975.565,268,452.65,452.62,452.65,452.595,0.0004199526116631841,0.00028950980023830116,SPY
2021-09-01,12:31,12:31 PM,452.625,452.625,452.625,100,45262.5,1,452.635,452.6,452.62,23884,10810366.5392,142,452.625,452.625,452.6,452.625,0.00042658344237362435,0.00028950980023830116,SPY
2021-09-01,12:32,12:32 PM,452.65,452.61,452.627,933,422301.5,14,452.65,452.605,452.626,27498,12446299.34,185,452.63,452.65,452.63,452.645,0.00043100399618062644,0.0003027697910888452,SPY
2021-09-01,12:33,12:33 PM,452.665,452.65,452.658,328,148471.695,6,452.67,452.64,452.654,36701,16612845.7757,273,452.65,452.66,452.645,452.66,0.000499522580188844,0.00036464974839171886,SPY
2021-09-01,12:34,12:34 PM,452.78,452.665,452.726,1773,802683.11,17,452.78,452.66,452.721,113945,51585342.8306,626,452.665,452.78,452.66,452.77,0.0006498214096261598,0.0005127196462235054,SPY
2021-09-01,12:35,12:35 PM,452.8,452.79,452.795,401,181570.79,5,452.83,452.76,452.797,118455,53636113.9107,702,452.8,452.8,452.779,452.82,0.0008023305159670394,0.0006806795303312337,SPY
2021-09-01,12:36,12:36 PM,452.83,452.76,452.782,2183,988423.525,17,452.84,452.74,452.785,67285,30465618.0427,463,452.82,452.765,452.82,452.77,0.0007735969162215888,0.0006541595486300201,SPY
2021-09-01,12:37,12:37 PM,452.775,452.75,452.765,1297,587236.19,10,452.785,452.74,452.76,96067,43495350.7542,513,452.775,452.75,452.77,452.76,0.0007360222088622599,0.0005989095867524184,SPY
2021-09-01,12:38,12:38 PM,452.8,452.755,452.773,2358,1067639.105,24,452.8,452.755,452.78,80750,36562001.53,548,452.755,452.8,452.755,452.79,0.0007537044240902681,0.0006431095562543992,SPY
2021-09-01,12:39,12:39 PM,452.81,452.795,452.807,616,278929.3,6,452.82,452.785,452.798,59075,26749072.7482,391,452.81,452.795,452.79,452.8,0.0008288538388089259,0.0006828895288062824,SPY
2021-09-01,12:40,12:40 PM,452.83,452.8,452.818,447,202409.72,8,452.83,452.755,452.798,54899,24858160.0172,364,452.81,452.8,452.795,452.76,0.0008531668847472487,0.0006828895288062824,SPY
2021-09-01,12:41,12:41 PM,452.78,452.73,452.75,1206,546016.52,11,452.8,452.72,452.758,87672,39694175.7001,611,452.78,452.73,452.76,452.72,0.000702868055309933,0.0005944895898021952,SPY
2021-09-01,12:42,12:42 PM,452.72,452.7,452.714,455,205985.09,4,452.73,452.685,452.709,43707,19786547.4598,345,452.72,452.71,452.72,452.71,0.0006232980867842731,0.0004861996645222918,SPY
2021-09-01,12:43,12:43 PM,452.73,452.715,452.723,953,431445.165,12,452.73,452.71,452.719,26791,12128805.3,234,452.72,452.715,452.71,452.72,0.0006431905789157195,0.0005082996492732822,SPY
2021-09-01,12:44,12:44 PM,452.74,452.73,452.739,215,97338.95,4,452.74,452.71,452.726,28070,12708026.78,212,452.73,452.74,452.72,452.72,0.0006785550093714846,0.0005237696385990006,SPY
2021-09-01,12:45,12:45 PM,452.73,452.7,452.725,558,252620.635,10,452.74,452.69,452.721,35567,16101931.9013,256,452.73,452.73,452.72,452.721,0.0006476111327227216,0.0005127196462235054,SPY
2021-09-01,12:46,12:46 PM,452.73,452.72,452.724,1482,670937.41,22,452.755,452.71,452.733,32120,14541776.37,196,452.73,452.73,452.725,452.745,0.0006454008558191577,0.0005392396279247191,SPY
2021-09-01,12:47,12:47 PM,452.785,452.755,452.759,1632,738902.4,2,452.79,452.75,452.774,28150,12745584.0098,194,452.755,452.785,452.75,452.78,0.0007227605474413794,0.0006298495654038552,SPY
2021-09-01,12:48,12:48 PM,452.8,452.76,452.769,1517,686851.24,17,452.8,452.75,452.773,68238,30896353.6,475,452.78,452.77,452.79,452.77,0.000744863316476264,0.0006276395669288063,SPY
2021-09-01,12:49,12:49 PM,452.82,452.75,452.815,2308,1045097.175,11,452.83,452.75,452.784,72153,32669699.4818,437,452.75,452.82,452.76,452.83,0.0008465360540368085,0.0006519495501548456,SPY
2021-09-01,12:50,12:50 PM,452.88,452.82,452.859,7402,3352063.87,28,452.88,452.82,452.854,127747,57850755.7982,663,452.83,452.87,452.83,452.87,0.000943788237790351,0.0008066494434119042,SPY
2021-09-01,12:51,12:51 PM,452.875,452.85,452.864,1005,455128.025,9,452.88,452.84,452.862,32129,14550013.878,224,452.85,452.875,452.87,452.87,0.0009548396223077933,0.0008243294312127971,SPY
2021-09-01,12:52,12:52 PM,452.885,452.82,452.848,653,295709.46,14,452.9,452.83,452.866,68599,31066158.2268,463,452.85,452.88,452.87,452.875,0.0009194751918520282,0.0008331694251131178,SPY
2021-09-01,12:53,12:53 PM,452.91,452.88,452.896,965,437044.7,11,452.92,452.85,452.893,125355,56772381.59,847,452.88,452.89,452.88,452.86,0.0010255684832195747,0.000892839383940817,SPY
2021-09-01,12:54,12:54 PM,452.89,452.875,452.888,302,136772.255,4,452.89,452.86,452.882,45659,20678141.92,314,452.885,452.88,452.87,452.885,0.0010078862679915666,0.0008685294007147779,SPY
2021-09-01,12:55,12:55 PM,452.905,452.88,452.883,408,184776.16,8,452.91,452.88,452.894,51084,23135633.56,304,452.885,452.885,452.88,452.89,0.0009968348834741242,0.0008950493824159915,SPY
2021-09-01,12:56,12:56 PM,452.92,452.9,452.911,2201,996856.41,17,452.93,452.885,452.913,80248,36345365.0437,554,452.9,452.92,452.89,452.915,0.0010587226367719015,0.0009370393534429236,SPY
2021-09-01,12:57,12:57 PM,452.975,452.91,452.951,2437,1103840.9,15,452.989,452.915,452.947,102343,46355966.5889,666,452.91,452.975,452.92,452.975,0.0011471337129115656,0.0010121793015963412,SPY
2021-09-01,12:58,12:58 PM,452.98,452.95,452.962,1002,453867.92,11,452.99,452.945,452.962,45311,20524153.11,319,452.96,452.98,452.975,452.99,0.0011714467588498883,0.001045329278722827,SPY
2021-09-01,12:59,12:59 PM,452.995,452.94,452.966,678,307111.16,14,452.995,452.94,452.971,65790,29800973.745,454,452.985,452.96,452.98,452.96,0.0011802878664638925,0.0010652192649987684,SPY
2021-09-01,13:00,1 PM,452.99,452.95,452.981,2320,1050915.5,11,452.99,452.945,452.979,77023,34889791.5554,331,452.98,452.95,452.98,452.945,0.0012134420200162193,0.0010828992527995357,SPY
2021-09-01,13:01,1:01 PM,452.955,452.92,452.933,629,284895.165,17,452.965,452.92,452.939,35130,15911739.945,242,452.955,452.93,452.95,452.925,0.0011073487286486728,0.000994499313795574,SPY
2021-09-01,13:02,1:02 PM,452.925,452.915,452.919,235,106436.025,5,452.94,452.89,452.919,39757,18006715.303,270,452.915,452.925,452.929,452.93,0.001076404851999784,0.0009502993442934676,SPY
2021-09-01,13:03,1:03 PM,452.93,452.895,452.917,1549,701568.115,23,452.94,452.89,452.918,27754,12570288.7921,212,452.93,452.905,452.935,452.905,0.001071984298192782,0.0009480893458184188,SPY
2021-09-01,13:04,1:04 PM,452.975,452.895,452.934,1207,546691.16,23,452.98,452.892,452.94,56803,25728333.2168,425,452.905,452.975,452.91,452.97,0.0011095590055522366,0.000996709312270623,SPY
2021-09-01,13:05,1:05 PM,453,452.97,452.98,3315,1501629.275,23,453,452.95,452.979,41990,19020593.7237,249,452.975,452.97,452.97,452.955,0.001211231743112781,0.0010828992527995357,SPY
2021-09-01,13:06,1:06 PM,452.965,452.93,452.945,2114,957526.3,23,452.965,452.92,452.94,42739,19358218.9864,313,452.95,452.93,452.955,452.93,0.0011338720514905594,0.000996709312270623,SPY
2021-09-01,13:07,1:07 PM,452.925,452.915,452.919,600,271751.5,5,452.94,452.91,452.926,74857,33904717.9165,292,452.915,452.925,452.92,452.92,0.001076404851999784,0.000965769333619186,SPY
2021-09-01,13:08,1:08 PM,452.935,452.895,452.917,831,376374.43,12,452.94,452.89,452.917,43861,19865410.327,282,452.9,452.93,452.92,452.93,0.001071984298192782,0.0009458793473432444,SPY
2021-09-01,13:09,1:09 PM,452.95,452.94,452.946,131,59335.94,5,452.95,452.92,452.938,25563,11578466.628,164,452.95,452.94,452.93,452.95,0.0011360823283941234,0.0009922893153203997,SPY
2021-09-01,13:10,1:10 PM,452.96,452.94,452.954,1019,461560.53,11,452.96,452.94,452.952,29311,13276481.6158,213,452.94,452.96,452.945,452.96,0.0011537645436220057,0.0010232292939718365,SPY
2021-09-01,13:11,1:11 PM,452.95,452.89,452.899,437,197916.65,3,452.965,452.88,452.921,44152,19997392.906,297,452.95,452.89,452.96,452.88,0.001032199313930015,0.0009547193412436908,SPY
2021-09-01,13:12,1:12 PM,452.895,452.88,452.889,1334,604153.73,12,452.91,452.87,452.892,59256,26836569.449,404,452.88,452.895,452.885,452.88,0.0010100965448951304,0.0008906293854657683,SPY
2021-09-01,13:13,1:13 PM,452.875,452.86,452.87,1413,639904.68,10,452.89,452.86,452.872,52175,23628578.08,374,452.875,452.875,452.88,452.87,0.0009681012837287994,0.0008464294159637875,SPY
2021-09-01,13:14,1:14 PM,452.915,452.89,452.911,601,272199.39,4,452.925,452.87,452.893,23886,10817795.4965,136,452.89,452.915,452.875,452.92,0.0010587226367719015,0.000892839383940817,SPY
2021-09-01,13:15,1:15 PM,452.93,452.925,452.929,401,181624.425,4,452.94,452.91,452.929,37887,17160106.6315,283,452.925,452.93,452.91,452.93,0.0010985076210346687,0.000972399329044458,SPY
2021-09-01,13:16,1:16 PM,452.95,452.915,452.932,1031,466972.535,10,452.96,452.91,452.937,34777,15751779.975,231,452.95,452.93,452.922,452.93,0.0011051384517452346,0.0009900793168453508,SPY
2021-09-01,13:17,1:17 PM,452.94,452.93,452.93,250,113232.51,4,452.96,452.92,452.936,28286,12811739.8896,161,452.93,452.94,452.925,452.93,0.0011007178979382326,0.0009878693183701763,SPY
2021-09-01,13:18,1:18 PM,452.95,452.905,452.926,313,141765.75,14,452.95,452.89,452.917,27497,12453851.498,180,452.95,452.905,452.94,452.9,0.0010918767903242285,0.0009458793473432444,SPY
2021-09-01,13:19,1:19 PM,452.93,452.9,452.912,535,242308.03,9,452.935,452.89,452.912,26651,12070563.5327,171,452.9,452.925,452.895,452.929,0.0010609329136753397,0.0009348293549677492,SPY
2021-09-01,13:20,1:20 PM,452.925,452.905,452.906,548,248192.785,15,452.93,452.9,452.92,27181,12310821.725,214,452.925,452.92,452.92,452.915,0.0010476712522544593,0.000952509342768642,SPY
2021-09-01,13:21,1:21 PM,452.91,452.89,452.9,212,96014.72,8,452.93,452.88,452.897,31505,14268524.8613,218,452.9,452.9,452.92,452.905,0.0010344095908334531,0.0009016793778412636,SPY
2021-09-01,13:22,1:22 PM,452.95,452.92,452.929,576,260886.945,15,452.955,452.91,452.928,22181,10046401.835,175,452.92,452.95,452.915,452.95,0.0010985076210346687,0.0009701893305694092,SPY
2021-09-01,13:23,1:23 PM,452.975,452.96,452.969,401,181640.47,5,452.99,452.94,452.968,37732,17091381.8799,249,452.97,452.975,452.96,452.98,0.0011869186971743327,0.0010585892695734965,SPY
2021-09-01,13:24,1:24 PM,453.04,452.98,452.988,1687,764191.07,15,453.05,452.98,453.015,121808,55180868.8795,692,452.98,453.04,452.98,453.025,0.0012289139583406637,0.0011624591979031767,SPY
2021-09-01,13:25,1:25 PM,453.03,453.01,453.024,1174,531849.78,15,453.04,453.01,453.021,48006,21747713.2895,258,453.03,453.03,453.02,453.03,0.0013084839268663235,0.0011757191887538463,SPY
2021-09-01,13:26,1:26 PM,453.01,453.005,453.01,206,93320.035,3,453.03,452.995,453.011,45227,20488314.4976,254,453.01,453.005,453.02,453,0.001277540050217435,0.0011536192040028559,SPY
2021-09-01,13:27,1:27 PM,452.995,452.95,452.959,2103,952572.38,22,453,452.94,452.961,39138,17727991.9263,265,452.995,452.96,453,452.98,0.0011648159281394481,0.001043119280247778,SPY
2021-09-01,13:28,1:28 PM,452.995,452.965,452.981,126,57075.57,5,453,452.97,452.991,17189,7786461.6277,137,452.98,452.965,452.975,452.97,0.0012134420200162193,0.0011094192345007493,SPY
2021-09-01,13:29,1:29 PM,453.01,452.98,453,1115,505094.82,14,453.02,452.965,452.993,31654,14339045.53,238,453.01,452.98,452.97,452.98,0.0012554372811825504,0.0011138392314509725,SPY
2021-09-01,13:30,1:30 PM,453.05,452.97,453.031,2409,1091352.84,14,453.07,452.97,453.041,81100,36741620.685,382,452.97,453.05,452.975,453.06,0.001323955865190768,0.0012199191582558271,SPY
2021-09-01,13:31,1:31 PM,453.105,453.07,453.085,2198,995880.69,23,453.11,453.065,453.087,61076,27672777.5741,292,453.08,453.08,453.065,453.08,0.001443310817979195,0.0013215790881104584,SPY
2021-09-01,13:32,1:32 PM,453.08,453.04,453.07,13575,6150431.86,42,453.08,453.03,453.068,49645,22492569.244,221,453.08,453.04,453.08,453.035,0.001410156664426868,0.0012795891170835263,SPY
2021-09-01,13:33,1:33 PM,453.07,453.04,453.056,2101,951870.48,26,453.07,453.04,453.054,28905,13095528.431,169,453.04,453.07,453.04,453.07,0.0013792127877779795,0.0012486491384320895,SPY
2021-09-01,13:34,1:34 PM,453.07,453.06,453.063,455,206143.8,5,453.08,453.055,453.067,19302,8745101.89,139,453.06,453.065,453.07,453.07,0.0013946847261024238,0.0012773791186084776,SPY
2021-09-01,13:35,1:35 PM,453.1,453.07,453.087,1617,732641.66,26,453.1,453.06,453.088,50315,22797105.6682,310,453.07,453.09,453.07,453.09,0.001447731371786197,0.0013237890865856329,SPY
2021-09-01,13:36,1:36 PM,453.11,453.05,453.095,1008,456719.645,17,453.11,453.05,453.089,57367,25992330.8656,322,453.1,453.05,453.09,453.05,0.0014654135870142053,0.0013259990850606816,SPY
2021-09-01,13:37,1:37 PM,453.07,453.06,453.068,1707,773388.055,20,453.08,453.05,453.066,60343,27339368.5433,227,453.06,453.07,453.055,453.08,0.001405736110619866,0.001275169120133303,SPY
2021-09-01,13:38,1:38 PM,453.09,453.04,453.069,2256,1022124.435,25,453.09,453.03,453.067,70423,31906362.5787,353,453.08,453.04,453.07,453.035,0.00140794638752343,0.0012773791186084776,SPY
2021-09-01,13:39,1:39 PM,453.03,453.01,453.021,1144,518256.12,18,453.04,453.005,453.029,45508,20616426.19,253,453.03,453.03,453.03,453.03,0.0013018530961558833,0.0011933991765546135,SPY
2021-09-01,13:40,1:40 PM,453.04,452.99,453.021,891,403641.87,20,453.04,453,453.022,44493,20156293.7221,229,453.03,452.99,453.035,453,0.0013018530961558833,0.001177929187228895,SPY
2021-09-01,13:41,1:41 PM,452.985,452.97,452.98,999,452527.015,11,453.01,452.962,452.987,75364,34138882.5903,419,452.97,452.98,452.999,453.01,0.001211231743112781,0.0011005792406004287,SPY
2021-09-01,13:42,1:42 PM,453.05,453.02,453.039,1987,900189.43,30,453.06,453.01,453.036,58377,26446903.2562,306,453.02,453.05,453.01,453.031,0.0013416380804186505,0.0012088691658803318,SPY
2021-09-01,13:43,1:43 PM,453.07,453.04,453.052,3255,1474683.86,25,453.07,453.03,453.051,26256,11895300.4175,174,453.05,453.04,453.04,453.04,0.001370371680164101,0.0012420191430068176,SPY
2021-09-01,13:44,1:44 PM,453.03,453.02,453.029,1671,757012.13,20,453.03,453.01,453.025,21625,9796664.5667,130,453.02,453.03,453.03,453.03,0.001319535311383766,0.0011845591826541671,SPY
2021-09-01,13:45,1:45 PM,453.04,453.02,453.023,506,229229.74,8,453.05,453.005,453.024,14727,6671693,107,453.04,453.02,453.02,453.01,0.0013062736499628853,0.0011823491841791182,SPY
2021-09-01,13:46,1:46 PM,453.03,452.99,453.014,1025,464338.985,14,453.03,452.99,453.014,31205,14136288.005,191,453.025,452.99,453.01,452.99,0.001286381157831439,0.0011602491994281278,SPY
2021-09-01,13:47,1:47 PM,453.01,452.99,453.001,1681,761495.29,20,453.01,452.98,452.997,34301,15538252.7741,195,452.99,453,452.99,453,0.0012576475580859884,0.001122679225351419,SPY
2021-09-01,13:48,1:48 PM,452.99,452.94,452.952,2439,1104749.09,28,452.99,452.93,452.956,40550,18367378.1146,237,452.99,452.95,452.99,452.95,0.0011493439898150038,0.001032069287872283,SPY
2021-09-01,13:49,1:49 PM,452.985,452.955,452.965,1463,662688.495,23,452.985,452.949,452.966,30262,13707665.758,193,452.96,452.98,452.949,452.98,0.0011780775895603285,0.0010541692726232733,SPY
2021-09-01,13:50,1:50 PM,452.985,452.94,452.96,1171,530416.665,24,452.99,452.94,452.972,45904,20793214.3007,206,452.985,452.95,452.985,452.96,0.0011670262050428864,0.0010674292634738174,SPY
2021-09-01,13:51,1:51 PM,452.99,452.955,452.966,3831,1735314.175,44,452.99,452.95,452.97,33415,15135992.9792,234,452.96,452.99,452.96,452.99,0.0011802878664638925,0.0010630092665237197,SPY
2021-09-01,13:52,1:52 PM,452.985,452.975,452.978,143,64775.79,4,452.99,452.97,452.983,11880,5381436.1662,70,452.985,452.98,452.98,452.99,0.001206811189305779,0.001091739246699982,SPY
2021-09-01,13:53,1:53 PM,452.985,452.945,452.965,736,333381.955,9,452.98,452.94,452.96,27264,12349491.5719,186,452.98,452.945,452.98,452.96,0.0011780775895603285,0.0010409092817726037,SPY
2021-09-01,13:54,1:54 PM,452.96,452.94,452.954,1655,749638.7,19,452.96,452.93,452.946,24946,11299185.0033,138,452.95,452.94,452.95,452.94,0.0011537645436220057,0.0010099693031212925,SPY
2021-09-01,13:55,1:55 PM,452.975,452.94,452.955,1041,471525.77,10,452.98,452.93,452.952,42395,19202911.942,256,452.94,452.97,452.94,452.98,0.001155974820525444,0.0010232292939718365,SPY
2021-09-01,13:56,1:56 PM,453.01,452.98,452.998,946,428536.21,10,453.02,452.98,453.001,40902,18528654.73,266,452.98,453.01,452.98,453.01,0.0012510167273755482,0.0011315192192517397,SPY
2021-09-01,13:57,1:57 PM,453.02,453.005,453.012,1135,514168.525,17,453.02,453,453.011,21305,9651401.875,127,453.01,453.01,453.02,453.01,0.001281960604024437,0.0011536192040028559,SPY
2021-09-01,13:58,1:58 PM,453.04,453.005,453.023,3494,1582863.315,24,453.04,453,453.021,28059,12711318.8839,181,453.005,453.03,453.01,453.035,0.0013062736499628853,0.0011757191887538463,SPY
2021-09-01,13:59,1:59 PM,453.06,453.03,453.044,2890,1309298.49,48,453.06,453.03,453.043,64667,29296956.185,326,453.04,453.04,453.031,453.03,0.0013526894649360927,0.0012243391552060503,SPY
2021-09-01,14:00,2 PM,453.045,453.02,453.035,2485,1125791.12,30,453.06,453.017,453.038,90993,41223310.498,594,453.04,453.03,453.03,453.02,0.001332796972804772,0.001213289162830555,SPY
2021-09-01,14:01,2:01 PM,453.025,452.99,453.009,1111,503292.71,10,453.025,452.971,452.999,39790,18024835.894,223,453.025,453,453.025,452.985,0.0012753297733139968,0.0011270992223016423,SPY
2021-09-01,14:02,2:02 PM,453.02,452.99,453.016,1821,824942.315,10,453.02,452.98,453.006,16085,7286605.51,106,452.99,453.015,452.98,453.01,0.0012908017116384412,0.001142569211627235,SPY
2021-09-01,14:03,2:03 PM,453.035,453.005,453.017,1287,583033.29,15,453.04,453,453.018,41620,18854611.78,230,453.005,453.005,453.015,453.005,0.0012930119885418792,0.0011690891933284486,SPY
2021-09-01,14:04,2:04 PM,453.02,452.98,453.012,4501,2039006.495,20,453.02,452.98,453.009,99207,44941671.5829,424,453.01,452.995,453,452.99,0.001281960604024437,0.0011491992070526327,SPY
2021-09-01,14:05,2:05 PM,453,452.98,452.993,696,315282.97,9,453.01,452.97,452.993,35125,15911373.9039,165,453,452.99,453,452.99,0.001239965342858106,0.0011138392314509725,SPY
2021-09-01,14:06,2:06 PM,452.99,452.965,452.975,623,282203.61,12,452.99,452.965,452.98,25433,11520636.84,153,452.98,452.965,452.98,452.965,0.0012001803585953389,0.0010851092512747101,SPY
2021-09-01,14:07,2:07 PM,452.97,452.96,452.967,702,317982.895,15,452.97,452.952,452.966,39353,17825566.8797,176,452.96,452.96,452.965,452.97,0.0011824981433673307,0.0010541692726232733,SPY
2021-09-01,14:08,2:08 PM,452.97,452.96,452.965,706,319793.53,11,452.97,452.96,452.967,20886,9460673.1406,89,452.97,452.97,452.965,452.965,0.0011780775895603285,0.001056379271098322,SPY
2021-09-01,14:09,2:09 PM,452.97,452.94,452.943,978,442978.32,10,452.98,452.93,452.952,41257,18687459.3743,236,452.97,452.94,452.965,452.94,0.0011294514976835574,0.0010232292939718365,SPY
2021-09-01,14:10,2:10 PM,452.94,452.91,452.926,1325,600126.53,24,452.95,452.91,452.934,55023,24921795.1604,277,452.93,452.94,452.93,452.95,0.0010918767903242285,0.0009834493214200789,SPY
2021-09-01,14:11,2:11 PM,452.96,452.92,452.948,2044,925825.63,22,452.97,452.91,452.931,67769,30694690.8358,241,452.94,452.96,452.94,452.957,0.0011405028822009996,0.0009768193259946812,SPY
2021-09-01,14:12,2:12 PM,452.96,452.955,452.96,445,201567.195,9,452.97,452.954,452.961,25229,11427762.0863,144,452.96,452.96,452.96,452.96,0.0011670262050428864,0.001043119280247778,SPY
2021-09-01,14:13,2:13 PM,452.95,452.915,452.926,869,393592.9,13,452.96,452.91,452.934,43894,19881093.8391,261,452.95,452.93,452.955,452.95,0.0010918767903242285,0.0009834493214200789,SPY
2021-09-01,14:14,2:14 PM,452.96,452.93,452.953,1734,785420.66,22,452.965,452.925,452.944,21797,9872826.035,114,452.95,452.93,452.94,452.925,0.001151554266718442,0.0010055493061710693,SPY
2021-09-01,14:15,2:15 PM,452.93,452.9,452.901,3158,1430260.255,34,452.935,452.89,452.908,30301,13723557.866,206,452.93,452.9,452.929,452.9,0.001036619867737017,0.0009259893610674283,SPY
2021-09-01,14:16,2:16 PM,452.91,452.88,452.882,1463,662566.4,21,452.92,452.87,452.887,30177,13666771.891,173,452.91,452.88,452.89,452.875,0.000994624606570686,0.0008795793930902731,SPY
2021-09-01,14:17,2:17 PM,452.88,452.85,452.87,615,278514.98,10,452.89,452.847,452.869,35803,16214056.9122,216,452.88,452.85,452.88,452.855,0.0009681012837287994,0.0008397994205385155,SPY
2021-09-01,14:18,2:18 PM,452.88,452.84,452.849,1537,696029.125,9,452.89,452.82,452.85,47869,21677475.9089,264,452.845,452.88,452.85,452.885,0.0009216854687554664,0.0007978094495115834,SPY
2021-09-01,14:19,2:19 PM,452.89,452.84,452.861,911,412556.25,11,452.89,452.83,452.856,62286,28206613.1946,307,452.88,452.84,452.89,452.835,0.000948208791597353,0.0008110694403621274,SPY
2021-09-01,14:20,2:20 PM,452.83,452.8,452.804,760,344131.2,15,452.85,452.78,452.813,40772,18462090.08,234,452.82,452.83,452.84,452.84,0.0008222230080983601,0.000716039505932768,SPY
2021-09-01,14:21,2:21 PM,452.86,452.82,452.82,115,52074.34,5,452.86,452.82,452.836,21474,9724192.04,148,452.82,452.82,452.835,452.83,0.0008575874385542508,0.0007668694708601465,SPY
2021-09-01,14:22,2:22 PM,452.82,452.79,452.814,744,336893.79,8,452.83,452.78,452.802,35115,15900145.449,274,452.79,452.82,452.82,452.83,0.0008443257771333703,0.0006917295227067289,SPY
2021-09-01,14:23,2:23 PM,452.85,452.805,452.818,507,229578.785,8,452.867,452.805,452.837,36303,16439326.2724,217,452.805,452.85,452.83,452.855,0.0008531668847472487,0.0007690794693351954,SPY
2021-09-01,14:24,2:24 PM,452.86,452.65,452.755,5914,2677591.12,17,452.865,452.65,452.716,190617,86295395.0244,881,452.86,452.65,452.85,452.66,0.0007139194398273753,0.0005016696538480102,SPY
2021-09-01,14:25,2:25 PM,452.74,452.65,452.686,2892,1309168.91,27,452.74,452.65,452.688,146139,66155352.889,729,452.67,452.73,452.655,452.74,0.0005614103334864957,0.00043978969654513657,SPY
2021-09-01,14:26,2:26 PM,452.755,452.73,452.745,1352,612111.46,18,452.79,452.72,452.746,49174,22263334.4934,296,452.74,452.75,452.735,452.78,0.0006918166707924907,0.0005679696081009814,SPY
2021-09-01,14:27,2:27 PM,452.79,452.77,452.779,1445,654266.37,17,452.795,452.761,452.782,52835,23922736.535,315,452.77,452.78,452.77,452.79,0.0007669660855111486,0.0006475295532046224,SPY
2021-09-01,14:28,2:28 PM,452.785,452.75,452.76,1537,695892.69,20,452.79,452.72,452.758,53086,24035117.94,315,452.785,452.75,452.78,452.73,0.0007249708243448176,0.0005944895898021952,SPY
2021-09-01,14:29,2:29 PM,452.73,452.69,452.713,1604,726151.835,19,452.75,452.68,452.719,72636,32883678.4152,407,452.73,452.69,452.735,452.71,0.0006210878098808349,0.0005082996492732822,SPY
2021-09-01,14:30,2:30 PM,452.71,452.69,452.702,918,415580.345,32,452.71,452.685,452.702,24106,10912826.86,186,452.69,452.695,452.71,452.7,0.0005967747639423865,0.0004707296751965734,SPY
2021-09-01,14:31,2:31 PM,452.7,452.6,452.658,2277,1030702.08,26,452.71,452.6,452.657,72938,33015882.6203,464,452.7,452.6,452.695,452.6,0.000499522580188844,0.0003712797438169909,SPY
2021-09-01,14:32,2:32 PM,452.54,452.49,452.522,2758,1248055.115,30,452.6,452.47,452.515,150399,68057781.768,874,452.53,452.5,452.6,452.5,0.00019892492131408696,0.00005745996035265048,SPY
2021-09-01,14:33,2:33 PM,452.49,452.45,452.472,2042,923947.46,23,452.5,452.41,452.472,90156,40793073.9453,601,452.49,452.46,452.49,452.48,0.00008841107613953836,-0.000037569974076708845,SPY
2021-09-01,14:34,2:34 PM,452.49,452.4,452.424,5283,2390155.96,38,452.49,452.39,452.439,99674,45096377.9942,636,452.44,452.46,452.47,452.4,-0.000017682215228008184,-0.00011049992375495212,SPY
2021-09-01,14:35,2:35 PM,452.41,452.29,452.341,1121,507074.93,19,452.415,452.26,452.326,120189,54364610.1393,780,452.41,452.29,452.41,452.26,-0.00020113519821765078,-0.00036022975144137,SPY
2021-09-01,14:36,2:36 PM,452.44,452.24,452.369,22263,10071100.025,58,452.47,452.23,452.335,142920,64647668.0216,784,452.24,452.415,452.26,452.447,-0.00013924744491987344,-0.000340339765165554,SPY
2021-09-01,14:37,2:37 PM,452.45,452.39,452.419,1261,570500.95,16,452.47,452.38,452.423,152566,69024398.134,799,452.425,452.4,452.43,452.41,-0.000028733599745450477,-0.00014585989935661216,SPY
2021-09-01,14:38,2:38 PM,452.375,452.355,452.367,401,181399.355,5,452.4,452.32,452.37,60492,27364765.37,442,452.375,452.355,452.4,452.33,-0.00014366799872687547,-0.0002629898185369619,SPY
2021-09-01,14:39,2:39 PM,452.37,452.32,452.368,533,241112.34,6,452.38,452.32,452.353,95689,43285189.0096,536,452.32,452.37,452.335,452.356,-0.00014145772182343728,-0.00030055979261367076,SPY
2021-09-01,14:40,2:40 PM,452.51,452.35,452.452,2577,1165968.97,36,452.52,452.349,452.464,149512,67648778.3323,870,452.35,452.49,452.35,452.49,0.00004420553806976918,-0.00005524996187747606,SPY
2021-09-01,14:41,2:41 PM,452.49,452.44,452.478,1123,508132.6,19,452.5,452.435,452.476,171901,77781028.0337,784,452.48,452.47,452.48,452.47,0.0001016727375605445,-0.000028729980176262426,SPY
2021-09-01,14:42,2:42 PM,452.49,452.37,452.466,5728,2591727.35,42,452.49,452.36,452.431,118520,53622150.8245,661,452.47,452.38,452.46,452.39,0.00007514941471865786,-0.00012817991155584496,SPY
2021-09-01,14:43,2:43 PM,452.42,452.34,452.389,1352,611629.84,22,452.43,452.33,452.386,135534,61313745.6658,652,452.37,452.41,452.37,452.41,-0.00009504190685010425,-0.00022762984293530185,SPY
2021-09-01,14:44,2:44 PM,452.48,452.41,452.434,524,237075.43,8,452.48,452.395,452.44,147446,66710416.905,676,452.42,452.48,452.416,452.46,0.000004420553807002046,-0.00010828992527990332,SPY
2021-09-01,14:45,2:45 PM,452.49,452.47,452.484,505,228504.45,10,452.51,452.455,452.485,79423,35937705.0443,419,452.49,452.48,452.455,452.47,0.000114934398981425,-0.000008839993900320795,SPY
2021-09-01,14:46,2:46 PM,452.44,452.37,452.383,753,340644.615,12,452.46,452.359,452.398,58168,26315081.535,406,452.44,452.37,452.46,452.365,-0.00010830356827111038,-0.00020110986123408824,SPY
2021-09-01,14:47,2:47 PM,452.38,452.34,452.355,871,394001.37,13,452.38,452.335,452.357,57304,25921857.1215,335,452.36,452.34,452.36,452.335,-0.0001701913215687621,-0.0002917197987132243,SPY
2021-09-01,14:48,2:48 PM,452.34,452.32,452.326,1106,500272.81,14,452.38,452.31,452.341,76134,34438528.9652,509,452.32,452.32,452.33,452.32,-0.00023428935176997767,-0.0003270797743148844,SPY
2021-09-01,14:49,2:49 PM,452.36,452.29,452.315,224,101318.595,10,452.365,452.27,452.315,81572,36896247.9827,484,452.36,452.29,452.33,452.28,-0.0002586023977084261,-0.00038453973466753485,SPY
2021-09-01,14:50,2:50 PM,452.36,452.28,452.334,368,166458.9,9,452.38,452.25,452.313,89624,40538153.7694,423,452.28,452.36,452.29,452.35,-0.00021660713654209513,-0.00038895973161775805,SPY
2021-09-01,14:51,2:51 PM,452.41,452.36,452.386,1728,781723.28,15,452.411,452.34,452.371,89256,40376795.0309,538,452.36,452.36,452.35,452.35,-0.0001016727375605445,-0.0002607798200619131,SPY
2021-09-01,14:52,2:52 PM,452.36,452.34,452.354,1200,542825,10,452.37,452.329,452.349,62309,28185416.1745,363,452.36,452.34,452.36,452.36,-0.00017240159847232596,-0.00030939978651411715,SPY
2021-09-01,14:53,2:53 PM,452.35,452.3,452.319,1761,796533.935,23,452.37,452.3,452.316,49064,22192425.1508,348,452.35,452.31,452.36,452.31,-0.000249761290094422,-0.0003823297361924861,SPY
2021-09-01,14:54,2:54 PM,452.37,452.31,452.35,961,434708.8,14,452.37,452.3,452.326,77305,34967054.5143,535,452.31,452.37,452.3,452.37,-0.0001812427060862044,-0.00036022975144137,SPY
2021-09-01,14:55,2:55 PM,452.44,452.36,452.4,2147,971303.02,17,452.45,452.36,452.406,50509,22850591.005,264,452.37,452.43,452.37,452.44,-0.00007072886091178146,-0.000183429873433321,SPY
2021-09-01,14:56,2:56 PM,452.42,452.4,452.411,248,112198.05,7,452.44,452.38,452.412,38099,17236460.6537,242,452.41,452.4,452.435,452.385,-0.00004641581497333302,-0.000170169882582777,SPY
2021-09-01,14:57,2:57 PM,452.41,452.35,452.384,1043,471836.375,21,452.43,452.34,452.372,65969,29842506.473,370,452.37,452.39,452.39,452.385,-0.00010609329136754655,-0.0002585698215867387,SPY
2021-09-01,14:58,2:58 PM,452.39,452.36,452.377,400,180951,4,452.4,452.32,452.35,43375,19620691.4929,227,452.37,452.39,452.39,452.32,-0.00012156522969199088,-0.0003071897880389428,SPY
2021-09-01,14:59,2:59 PM,452.34,452.26,452.29,2046,925385.37,29,452.345,452.25,452.293,114320,51706104.399,632,452.29,452.34,452.32,452.345,-0.0003138593202956376,-0.0004331597011197389,SPY
2021-09-01,15:00,3 PM,452.305,452.25,452.262,522,236080.645,10,452.34,452.235,452.26,93524,42297192.7688,535,452.305,452.26,452.34,452.25,-0.00037574707359341495,-0.0005060896507981078,SPY
2021-09-01,15:01,3:01 PM,452.3,452.25,452.275,1175,531423.265,17,452.3,452.24,452.261,94787,42868500.7184,511,452.27,452.255,452.25,452.258,-0.0003470134738480901,-0.0005038796523229333,SPY
2021-09-01,15:02,3:02 PM,452.22,452.19,452.211,1933,874123.065,34,452.26,452.19,452.223,117870,53303487.4432,690,452.22,452.21,452.25,452.26,-0.0004884711956714017,-0.0005878595943767975,SPY
2021-09-01,15:03,3:03 PM,452.29,452.24,452.264,2200,994980.91,35,452.3,452.23,452.267,58295,26364882.3833,294,452.26,452.24,452.255,452.24,-0.0003713265197864129,-0.0004906196614723894,SPY
2021-09-01,15:04,3:04 PM,452.24,452.17,452.183,1049,474340.33,11,452.25,452.15,452.188,66008,29848017.7447,431,452.24,452.17,452.24,452.17,-0.0005503589489691791,-0.0006652095410053896,SPY
2021-09-01,15:05,3:05 PM,452.29,452.18,452.239,2007,907642.99,27,452.29,452.18,452.227,64574,29202137.0085,431,452.18,452.2,452.18,452.2,-0.00042658344237375,-0.0005790196004764767,SPY
2021-09-01,15:06,3:06 PM,452.2,452.01,452.1,4335,1959854.265,34,452.2,452.01,452.105,101464,45872363.915,617,452.195,452.01,452.2,452.02,-0.0007338119319588218,-0.0008486394144387107,SPY
2021-09-01,15:07,3:07 PM,452.12,451.93,451.983,6494,2935177.115,56,452.12,451.9,452.004,191985,86778052.6518,1131,452,452.1,452.01,452.1,-0.0009924143296672478,-0.0010718492604239148,SPY
2021-09-01,15:08,3:08 PM,452.07,451.98,452.024,3158,1427490.885,27,452.1,451.98,452.026,129566,58567183.578,868,452.07,451.98,452.1,451.98,-0.0009017929766241456,-0.0010232292939717108,SPY
2021-09-01,15:09,3:09 PM,452.025,451.975,451.993,158,71414.89,3,452.06,451.97,452.012,62013,28030635.9768,328,451.975,452.025,451.98,451.995,-0.0009703115606323632,-0.0010541692726231478,SPY
2021-09-01,15:10,3:10 PM,452.04,451.93,451.994,937,423518.555,20,452.04,451.91,451.962,74582,33708237.4353,522,451.995,451.93,451.995,451.93,-0.0009681012837287994,-0.0011646691963782254,SPY
2021-09-01,15:11,3:11 PM,452.1,451.91,451.977,1659,749830.08,23,452.11,451.9,451.987,125775,56848726.205,735,451.91,452.1,451.93,452.085,-0.001005675991088254,-0.0011094192345006237,SPY
2021-09-01,15:12,3:12 PM,452.17,452.09,452.13,1072,484683.835,15,452.17,452.08,452.137,63566,28740533.9814,421,452.1,452.16,452.09,452.165,-0.0006675036248541679,-0.0007779194632355161,SPY
2021-09-01,15:13,3:13 PM,452.25,452.16,452.205,1598,722623.37,13,452.26,452.15,452.21,111157,50266301.6993,503,452.16,452.24,452.17,452.2,-0.0005017328570924079,-0.0006165895745531856,SPY
2021-09-01,15:14,3:14 PM,452.28,452.215,452.259,1117,505172.99,20,452.285,452.205,452.25,65929,29816396.0851,437,452.215,452.28,452.21,452.28,-0.0003823779043038552,-0.0005281896355490982,SPY
2021-09-01,15:15,3:15 PM,452.37,452.27,452.333,698,315728.63,12,452.38,452.25,452.322,75079,33959858.8471,501,452.27,452.35,452.28,452.345,-0.00021881741344553335,-0.00036906974534181645,SPY
2021-09-01,15:16,3:16 PM,452.35,452.31,452.319,1125,508858.63,15,452.36,452.3,452.327,60868,27532270.1502,374,452.35,452.31,452.34,452.3,-0.000249761290094422,-0.00035801975296632124,SPY
2021-09-01,15:17,3:17 PM,452.29,452.27,452.286,2544,1150615.45,39,452.3,452.26,452.287,109572,49558009.2204,522,452.28,452.29,452.3,452.295,-0.0003227004279096417,-0.0004464196919704085,SPY
2021-09-01,15:18,3:18 PM,452.39,452.335,452.375,1812,819704.31,26,452.39,452.285,452.359,60755,27483100.3566,290,452.335,452.34,452.285,452.325,-0.00012598578349899293,-0.00028729980176312673,SPY
2021-09-01,15:19,3:19 PM,452.37,452.3,452.34,4074,1842834.15,39,452.37,452.3,452.336,54200,24516599.848,353,452.32,452.37,452.33,452.365,-0.00020334547512121463,-0.0003381297666903796,SPY
2021-09-01,15:20,3:20 PM,452.44,452.38,452.411,2401,1086239.395,22,452.45,452.36,452.411,103319,46742709.0591,552,452.39,452.44,452.36,452.45,-0.00004641581497333302,-0.0001723798810578258,SPY
2021-09-01,15:21,3:21 PM,452.42,452.37,452.395,1332,602589.67,19,452.45,452.36,452.398,62673,28353170.2405,346,452.42,452.41,452.439,452.41,-0.00008178024542922374,-0.00020110986123408824,SPY
2021-09-01,15:22,3:22 PM,452.46,452.4,452.418,2175,984008.32,25,452.47,452.39,452.424,64530,29194937.79,387,452.41,452.45,452.41,452.46,-0.00003094387664888868,-0.00014364990088156337,SPY
2021-09-01,15:23,3:23 PM,452.46,452.42,452.437,2326,1052369.345,36,452.46,452.415,452.439,63367,28669699.781,342,452.46,452.44,452.45,452.44,0.000011051384517442295,-0.00011049992375495212,SPY
2021-09-01,15:24,3:24 PM,452.43,452.37,452.419,1017,460109.79,13,452.44,452.34,452.402,65933,29828235.8352,283,452.42,452.37,452.44,452.34,-0.000028733599745450477,-0.00019226986733376743,SPY
2021-09-01,15:25,3:25 PM,452.36,452.28,452.325,820,370906.42,20,452.37,452.27,452.322,63641,28786218.7397,318,452.35,452.28,452.345,452.28,-0.00023649962867354152,-0.00036906974534181645,SPY
2021-09-01,15:26,3:26 PM,452.28,452.15,452.222,2445,1105682.325,32,452.309,452.14,452.212,175176,79216682.2563,995,452.28,452.19,452.28,452.195,-0.00046415814973307896,-0.0006121695776029624,SPY
2021-09-01,15:27,3:27 PM,452.23,452.17,452.202,816,368996.945,9,452.23,452.16,452.195,69099,31246210.1459,326,452.18,452.18,452.2,452.17,-0.0005083636878028482,-0.0006497395516796712,SPY
2021-09-01,15:28,3:28 PM,452.27,452.14,452.206,3711,1678135.97,44,452.27,452.14,452.201,76480,34584357.0894,493,452.14,452.26,452.16,452.255,-0.000499522580188844,-0.0006364795608290015,SPY
2021-09-01,15:29,3:29 PM,452.26,452.17,452.236,1910,863770.7,15,452.27,452.15,452.212,92930,42024021.9439,588,452.245,452.18,452.25,452.15,-0.00043321427308419026,-0.0006121695776029624,SPY
2021-09-01,15:30,3:30 PM,452.16,452.025,452.124,2432,1099565.52,21,452.16,452.01,452.079,122898,55559604.1225,801,452.14,452.08,452.14,452.105,-0.0006807652862750484,-0.0009060993747913611,SPY
2021-09-01,15:31,3:31 PM,452.15,452.01,452.087,2565,1159603.4,25,452.15,452,452.069,122747,55490120.8678,712,452.14,452.1,452.1,452.12,-0.0007625455317042722,-0.0009281993595423515,SPY
2021-09-01,15:32,3:32 PM,452.2,452.105,452.164,4683,2117482.8,35,452.2,452.105,452.15,93781,42403124.0216,557,452.105,452.125,452.12,452.11,-0.00059235421013551,-0.0007491894830592537,SPY
2021-09-01,15:33,3:33 PM,452.16,452.07,452.105,2304,1041649.405,26,452.16,452.07,452.107,53308,24100938.4833,375,452.09,452.16,452.1,452.125,-0.0007227605474413794,-0.0008442194174884874,SPY
2021-09-01,15:34,3:34 PM,452.12,452.04,452.085,4013,1814218.46,28,452.129,452.04,452.085,124892,56461807.8477,695,452.12,452.04,452.125,452.04,-0.0007669660855112743,-0.000892839383940817,SPY
2021-09-01,15:35,3:35 PM,452.09,452.01,452.052,1748,790187.28,19,452.093,451.99,452.043,91717,41459987.588,570,452.07,452.09,452.05,452.09,-0.0008399052233263682,-0.000985659319895002,SPY
2021-09-01,15:36,3:36 PM,452.08,452,452.023,2247,1015696.45,23,452.1,451.99,452.033,60954,27553241.5307,389,452.07,452.01,452.1,452.01,-0.0009040032535275838,-0.0010077593046459925,SPY
2021-09-01,15:37,3:37 PM,452.005,451.925,451.975,4746,2145073.59,47,452,451.89,451.965,147677,66744857.086,928,452,451.94,452,451.891,-0.0010100965448951304,-0.0011580392009529533,SPY
2021-09-01,15:38,3:38 PM,451.97,451.82,451.881,5724,2586566.69,51,451.97,451.82,451.904,175507,79312407.605,1046,451.88,451.95,451.89,451.95,-0.001217862573823347,-0.0012928491079340703,SPY
2021-09-01,15:39,3:39 PM,451.945,451.87,451.911,5403,2441676.725,59,451.96,451.85,451.92,136055,61485939.4831,782,451.935,451.87,451.95,451.87,-0.0011515542667185675,-0.0012574891323324103,SPY
2021-09-01,15:40,3:40 PM,451.99,451.865,451.944,4497,2032391.645,41,451.995,451.865,451.938,124767,56386908.4118,702,451.875,451.975,451.89,451.975,-0.001078615128903348,-0.0012177091597806527,SPY
2021-09-01,15:41,3:41 PM,451.965,451.79,451.859,12318,5565999.22,114,451.975,451.79,451.846,184880,83537312.6376,1005,451.965,451.81,451.97,451.81,-0.0012664886657001182,-0.0014210290194899154,SPY
2021-09-01,15:42,3:42 PM,451.93,451.82,451.887,5341,2413531.28,35,451.93,451.801,451.877,157775,71294838.9096,804,451.83,451.9,451.81,451.915,-0.0012046009124023409,-0.0013525190667617697,SPY
2021-09-01,15:43,3:43 PM,451.895,451.67,451.777,3852,1740244.66,48,451.915,451.65,451.743,208536,94204743.5045,1207,451.895,451.67,451.915,451.69,-0.0014477313717863227,-0.0016486588624253428,SPY
2021-09-01,15:44,3:44 PM,451.77,451.725,451.74,12571,5678829.685,27,451.79,451.68,451.751,173093,78194897.8517,928,451.73,451.77,451.68,451.78,-0.0015295116172154208,-0.0016309788746245756,SPY
2021-09-01,15:45,3:45 PM,451.94,451.735,451.831,7074,3196253.995,50,451.95,451.73,451.837,169944,76787064.0442,947,451.77,451.92,451.79,451.92,-0.00132837641899777,-0.001440919005765857,SPY
2021-09-01,15:46,3:46 PM,451.98,451.91,451.94,1691,764230.37,20,452.02,451.905,451.949,110395,49892926.6815,717,451.92,451.93,451.92,451.93,-0.001087456236517352,-0.0011933991765544878,SPY
2021-09-01,15:47,3:47 PM,452.05,451.94,451.993,3742,1691357.93,32,452.06,451.93,451.995,142158,64254661.4947,892,451.945,452.05,451.93,452.05,-0.0009703115606323632,-0.0010917392466998565,SPY
2021-09-01,15:48,3:48 PM,452.07,451.94,452.009,2897,1309471.49,29,452.07,451.94,451.987,139793,63184686.1264,850,452.05,451.97,452.05,452,-0.0009349471301764725,-0.0011094192345006237,SPY
2021-09-01,15:49,3:49 PM,452.01,451.905,451.939,4817,2176990.325,42,452.01,451.9,451.945,161911,73174901.4865,972,452.01,451.905,452.01,451.91,-0.0010896665134207902,-0.0012022391704549344,SPY
2021-09-01,15:50,3:50 PM,451.93,451.77,451.83,4050,1829913.1,41,451.95,451.68,451.821,322657,145783128.606,1928,451.93,451.9,451.92,451.85,-0.0013305866959013339,-0.0014762789813673914,SPY
2021-09-01,15:51,3:51 PM,451.89,451.81,451.845,14438,6523735.13,38,451.9,451.81,451.851,226281,102245349.476,947,451.875,451.88,451.86,451.875,-0.0012974325423488814,-0.00140997902711442,SPY
2021-09-01,15:52,3:52 PM,451.99,451.845,451.945,9373,4236079.265,66,451.99,451.845,451.934,196223,88679789.3226,1088,451.89,451.845,451.88,451.845,-0.0010764048519999098,-0.0012265491536809735,SPY
2021-09-01,15:53,3:53 PM,451.85,451.74,451.804,3230,1459327.64,41,451.85,451.74,451.788,201897,91214698.588,1103,451.84,451.76,451.84,451.78,-0.0013880538953921092,-0.0015492089310457603,SPY
2021-09-01,15:54,3:54 PM,451.9,451.74,451.788,6185,2794309.475,53,451.9,451.735,451.807,297752,134526347.4997,1723,451.765,451.815,451.79,451.79,-0.0014234183258478742,-0.0015072189600188282,SPY
2021-09-01,15:55,3:55 PM,451.785,451.64,451.681,6655,3005936.89,72,451.81,451.63,451.682,391421,176797833.3084,2105,451.785,451.65,451.8,451.65,-0.0016599179545214158,-0.0017834687694064598,SPY
2021-09-01,15:56,3:56 PM,451.71,451.625,451.653,15771,7123019.84,150,451.71,451.61,451.648,375833,169744100.6644,2073,451.65,451.665,451.65,451.665,-0.0017218057078190675,-0.0018586087175598775,SPY
2021-09-01,15:57,3:57 PM,451.685,451.57,451.648,32861,14841617.15,330,451.7,451.57,451.64,384363,173593679.1792,2289,451.655,451.61,451.67,451.62,-0.0017328570923365097,-0.0018762887053607703,SPY
2021-09-01,15:58,3:58 PM,451.65,451.55,451.592,23649,10679690.775,151,451.65,451.545,451.601,467975,211338008.5934,2785,451.63,451.58,451.63,451.58,-0.0018566325989320645,-0.001962478645889683,SPY
2021-09-01,15:59,3:59 PM,451.72,451.58,451.655,20296,9166798.51,127,451.86,451.58,451.667,1108969,500884432.7479,5795,451.58,451.715,451.59,451.82,-0.0017173851540121911,-0.001816618746533071,SPY